Job ID,Job URL,Job Title,Company Name,Status,Timestamp,WP ID
34505b7de95d0efa,https://nl.linkedin.com/jobs/view/schade-calculator-at-smeets-autoschadeherstel-4436990825,Schade calculator,,scraped,2026-07-07T02:06:39.482201,
c399cfd7d565cf68,https://nl.linkedin.com/jobs/view/bezorger-at-booston-io-4435073465,Bezorger,,scraped,2026-07-07T02:07:07.530357,
38c8401c2349c03d,https://nl.linkedin.com/jobs/view/opticien-at-specsavers-4436340731,Opticien,,scraped,2026-07-07T02:07:15.830114,
55a8eb1482d2bed9,https://nl.linkedin.com/jobs/view/recruiter-careers-at-vacat-bv-4433755502,Recruiter Careers,,scraped,2026-07-07T02:07:22.933553,
175458928eb6c250,https://nl.linkedin.com/jobs/view/open-sollicitatie-at-qlic-online-developers-4437487263,Open sollicitatie,,scraped,2026-07-07T02:07:29.474855,
626b18e388f56006,https://nl.linkedin.com/jobs/view/schilder-4435852535,Schilder,Schildersdirect,posted,2026-07-07T02:07:46.662112,18
a5c940f4025b176b,https://nl.linkedin.com/jobs/view/crewplanner-at-flexconnect-b-v-4437155027,crewplanner,,scraped,2026-07-07T02:07:49.309814,
6ac9338ae4113863,https://nl.linkedin.com/jobs/view/straatmaker-4437108469,Straatmaker,Www.bestratingnederland.nl,posted,2026-07-07T02:08:01.557886,20
7a80275b4210fd2a,https://nl.linkedin.com/jobs/view/open-sollicitatie-groningen-at-arriva-nederland-4410397162,Open sollicitatie - Groningen,,scraped,2026-07-07T02:08:04.424518,
59dcb006e12e7c0b,https://nl.linkedin.com/jobs/view/calculator-at-booston-io-4435058982,Calculator,,scraped,2026-07-07T02:08:11.895088,
f59e114435c7e984,https://nl.linkedin.com/jobs/view/logistics-assistant-at-segway-navimow-4436362278,Logistics Assistant,,scraped,2026-07-07T02:08:20.326562,
92e86025a462a8db,https://nl.linkedin.com/jobs/view/supervisora-de-reservas-e-opera%C3%A7%C3%B5es-em-receptivo-na-%C3%A1sia-100%25-remoto-at-panrotas-4436950051,SUPERVISORA DE RESERVAS E OPERAÇÕES EM RECEPTIVO NA ÁSIA 100% REMOTO,,scraped,2026-07-07T02:08:27.562953,
05b5d673cbde6539,https://nl.linkedin.com/jobs/view/head-of-ecommerce-at-nortvi-4437191862,Head of Ecommerce,,scraped,2026-07-07T02:08:35.584182,
9081a284f7c10808,https://nl.linkedin.com/jobs/view/head-of-applied-ai-at-gonini-formerly-bezos-ai-4437117518,Head of Applied AI,,scraped,2026-07-07T02:08:47.385989,
fd3034f4b91375da,https://nl.linkedin.com/jobs/view/data-reporting-ai-specialist-at-destinus-4437171053,Data Reporting & AI Specialist,,scraped,2026-07-07T02:08:53.993262,
60db9944d6850dae,https://nl.linkedin.com/jobs/view/graphic-designer-at-ubutler-4437139961,Graphic Designer,,scraped,2026-07-07T02:09:01.784657,
e17fdafe0ac11d9e,https://nl.linkedin.com/jobs/view/analista-de-qualidade-de-atendimento-100%25-remoto-at-panrotas-4436929909,Analista de Qualidade de Atendimento - 100% Remoto,,scraped,2026-07-07T02:09:08.652426,
5f57bac029cd364b,https://nl.linkedin.com/jobs/view/ai-software-internship-at-tesla-4436425355,AI/Software Internship,Tesla,posted,2026-07-07T02:11:01.575024,22
a86f80e4e6246430,https://nl.linkedin.com/jobs/view/business-operations-manager-at-gonini-formerly-bezos-ai-4437109696,Business Operations Manager,,scraped,2026-07-07T02:11:04.372447,
7e763a5f5662a0d2,https://nl.linkedin.com/jobs/view/pedagogisch-professional-16-uur-per-week-at-docentenmarktplaats-nl-4435411301,Pedagogisch professional | 16 uur per week,,scraped,2026-07-07T02:11:10.570036,
1b8e3905c581ffda,https://nl.linkedin.com/jobs/view/calculator-at-knookstaal-bv-4432775127,Calculator,,scraped,2026-07-07T02:11:20.789883,
5629e2de611c2f87,https://nl.linkedin.com/jobs/view/calculator-nieuwbouw-at-van-wijnen-4270289565,Calculator Nieuwbouw,,scraped,2026-07-07T02:11:31.261322,
df5f3d7e84e4e2f2,https://nl.linkedin.com/jobs/view/mbo-agoog-at-zorg%2Bwelzijn-4436452634,Mbo agoog,,scraped,2026-07-07T02:11:39.201001,
c9c5fb7fa0a3cb6d,https://nl.linkedin.com/jobs/view/community-manager-at-vacat-bv-4433758129,Community manager,,scraped,2026-07-07T02:11:46.768133,
236fcc59dfa15a0d,https://nl.linkedin.com/jobs/view/initativ-bewerbung-at-e%2Bh-ingenieurb%C3%BCro-f%C3%BCr-energie-%2B-haustechnik-ag-4435185860,INITATIV BEWERBUNG,,scraped,2026-07-07T02:11:53.182465,
08bcc60cff2cbd5f,https://nl.linkedin.com/jobs/view/consulent-wonen-werken-amsterdam-at-ad-hoc-beheer-b-v-4436951074,Consulent Wonen & Werken Amsterdam,,scraped,2026-07-07T02:11:59.953625,
131a39512ed5186e,https://nl.linkedin.com/jobs/view/open-sollicitatie-at-zorgorganisatie-norschoten-4436775769,Open Sollicitatie,,scraped,2026-07-07T02:12:28.848456,
d895f895681e56fd,https://nl.linkedin.com/jobs/view/merchandiser-groningen-at-brandwise-group-4436242544,Merchandiser Groningen,,scraped,2026-07-07T02:12:37.579395,
1e7624b0ff97ed18,https://nl.linkedin.com/jobs/view/payroll-expert-at-easy-salary-4434956570,Payroll expert,,scraped,2026-07-07T02:12:45.430589,
16f744b9ba14ae07,https://nl.linkedin.com/jobs/view/medior-handhaver-at-gemeente-haarlem-4426222782,Medior Handhaver,,scraped,2026-07-07T02:12:55.704761,
d263e7547c36fe2f,https://nl.linkedin.com/jobs/view/pedagogisch-professional-babygroep-%E2%80%93-0-16-uur-at-docentenmarktplaats-nl-4436059777,Pedagogisch Professional Babygroep – 0-16 uur,,scraped,2026-07-07T02:13:04.292235,
c38e0dd18cb38e81,https://nl.linkedin.com/jobs/view/parttime-receptionist-e-at-vdm-woningen-4436238413,PARTTIME RECEPTIONIST(E),,scraped,2026-07-07T02:13:15.542825,
cc61e2ace6ba22f7,https://nl.linkedin.com/jobs/view/export-coordinator-at-vivid-resourcing-4437154636,Export Coordinator,,scraped,2026-07-07T02:13:24.509129,
8fcb53946ee25116,https://nl.linkedin.com/jobs/view/adjunct-directeur-at-docentenmarktplaats-nl-4435424070,Adjunct-directeur,,scraped,2026-07-07T02:13:33.524232,
344abdb7d380538e,https://nl.linkedin.com/jobs/view/account-executive-160k-ote-at-katapult-4436072644,Account Executive - 160k OTE,,scraped,2026-07-07T02:13:43.889091,
8c1552575dd7d49e,https://nl.linkedin.com/jobs/view/quantitative-researcher-at-cedalion-capital-4436754008,Quantitative Researcher,,scraped,2026-07-07T02:13:50.163153,
6deee5d2d54e4948,https://nl.linkedin.com/jobs/view/junior-einstein-tekstschrijver-at-media-vacatures-4436417511,Junior Einstein: Tekstschrijver,,scraped,2026-07-07T02:13:58.627283,
08430f32e9723670,https://nl.linkedin.com/jobs/view/media-manager-at-l-or%C3%A9al-4435225729,Media Manager,,scraped,2026-07-07T02:15:12.222983,
0f296f0c778832ba,https://nl.linkedin.com/jobs/view/supply-chain-coordinator-starter-junior-at-trinamics-4436784188,Supply Chain Coordinator (starter/junior),,scraped,2026-07-07T02:15:19.087790,
b0c3cb459a2e7f61,https://nl.linkedin.com/jobs/view/directeur-0-7-0-8-fte-%E2%80%93-het-krijt-in-assen-at-docentenmarktplaats-nl-4436032136,"Directeur (0,7-0,8 fte) – Het Krijt in Assen",,scraped,2026-07-07T02:15:26.570039,
eb06d8e171c58776,https://nl.linkedin.com/jobs/view/tod-s-group-amsterdam-full-time-sales-assistant-at-tod-s-group-4437161407,TOD'S Group Amsterdam - Full time Sales Assistant,TOD'S Group,posted,2026-07-07T02:15:48.295222,24
61a87f168ef26915,https://nl.linkedin.com/jobs/view/product-analyst-muslima-at-jobgether-4435420921,Product Analyst (Muslima),,scraped,2026-07-07T02:15:51.038165,
5f3f2b047cea260a,https://nl.linkedin.com/jobs/view/head-of-risk-fraud-at-jobgether-4435782382,Head of Risk & Fraud,,scraped,2026-07-07T02:15:57.870440,
eab7dc83b17a3b40,https://nl.linkedin.com/jobs/view/production-packer-1st-and-2nd-shift-at-alsum-produce-inc-4436212150,PRODUCTION PACKER - 1st and 2nd Shift,"Alsum Produce, Inc.",posted,2026-07-07T02:16:11.425116,26
1169689f22aab0b6,https://nl.linkedin.com/jobs/view/pedagogisch-professional-16-uur-per-week-at-docentenmarktplaats-nl-4435423039,Pedagogisch professional | 16 uur per week,,scraped,2026-07-07T02:16:14.142572,
12f2275dcf714fd5,https://nl.linkedin.com/jobs/view/program-manager-at-destinus-4437155111,Program Manager,,scraped,2026-07-07T02:16:24.535589,
1f8ca36d358627d1,https://nl.linkedin.com/jobs/view/social-media-lead-at-hey-honey-4437104700,Social Media Lead,,scraped,2026-07-07T02:17:36.009202,
39058c58b6d06418,https://nl.linkedin.com/jobs/view/projectmedewerker-marketing-communicatie-global-sports-communication-at-sport-knowhow-xl-4436799640,Projectmedewerker Marketing & Communicatie | Global Sports Communication,,scraped,2026-07-07T02:17:42.812496,
120acb75b213947f,https://nl.linkedin.com/jobs/view/junior-talent-consultant-at-allison-red-4436484894,Junior Talent Consultant,,scraped,2026-07-07T02:17:52.317494,
7a0f97d302cd9793,https://nl.linkedin.com/jobs/view/hr-division-director-special-vehicles-at-terberg-special-vehicles-4436907512,HR Division Director Special Vehicles,,scraped,2026-07-07T02:17:59.669100,
4980cb1e99dc255d,https://nl.linkedin.com/jobs/view/%F0%9F%9A%80-ai-machine-learning-internship-%E2%80%93-environmental-ai-plasma-technology-at-kapiteinlabs-4437179116,🚀 AI & Machine Learning Internship – Environmental AI & Plasma Technology,,scraped,2026-07-07T02:18:07.207975,
e6a5faaf4d755762,https://nl.linkedin.com/jobs/view/basispsycholoog-tilburg-16-tot-32-uur-per-week-at-caleidozorg-4437489312,Basispsycholoog Tilburg 16 tot 32 uur per week,,scraped,2026-07-07T02:18:15.670537,
919f511876ffe5a3,https://nl.linkedin.com/jobs/view/front-office-agent-m-v-x-replacement-contract-4-5-at-brussels-hotels-association-bha-4436778617,Front Office Agent (M/V/X) Replacement contract 4/5,,scraped,2026-07-07T02:19:28.016847,
3855931a8cac101e,https://nl.linkedin.com/jobs/view/machinist-operator-at-bontrup-4435488915,Machinist / Operator,,scraped,2026-07-07T02:19:36.357603,
6023caae332844fe,https://nl.linkedin.com/jobs/view/data-analyst-finance-at-real-4436712293,Data Analyst - Finance,,scraped,2026-07-07T02:19:44.745880,
e9821d64bd192ff6,https://nl.linkedin.com/jobs/view/hospitality-lead-24-36-uur-amsterdam-at-peakz-padel-4436707379,Hospitality Lead (24-36 uur) Amsterdam,,scraped,2026-07-07T02:19:52.029082,
5b0caee1d1152c6a,https://nl.linkedin.com/jobs/view/dishwasher-at-hotelprofessionals-4435295048,Dishwasher,,scraped,2026-07-07T02:19:58.996912,
f9602cc7814754aa,https://nl.linkedin.com/jobs/view/receptionist-e-fulltime-at-hotelprofessionals-4435281523,Receptionist(e) fulltime,,scraped,2026-07-07T02:20:07.803927,
a1a0fe511dc90e66,https://nl.linkedin.com/jobs/view/wildwood-cemetery-advisory-committee-volunteer-at-winchester-town-of-4436493106,WILDWOOD CEMETERY ADVISORY COMMITTEE - VOLUNTEER,,scraped,2026-07-07T02:20:16.219892,
cbb08d0ddfb7210a,https://nl.linkedin.com/jobs/view/recruiter-emea-at-mac-venture-capital-4436479404,"Recruiter, EMEA",,scraped,2026-07-07T02:21:33.811713,
bcd638f53e2b9b73,https://nl.linkedin.com/jobs/view/sloper-at-booston-io-4435067751,Sloper,,scraped,2026-07-07T02:21:59.574273,
e5ea0021bec8af29,https://nl.linkedin.com/jobs/view/open-sollicitatie-zwolle-at-kropman-4435394039,Open sollicitatie | Zwolle,,scraped,2026-07-07T02:23:11.872596,
0c10d3464b0c1be8,https://nl.linkedin.com/jobs/view/handsloper-at-booston-io-4435076267,Handsloper,,scraped,2026-07-07T02:23:19.377676,
9ae7d60f22b8fdea,https://nl.linkedin.com/jobs/view/verkeersregelaar-at-booston-io-4435077514,Verkeersregelaar,,scraped,2026-07-07T02:23:27.133744,
4d697f323959faf2,https://nl.linkedin.com/jobs/view/schoonmaker-at-booston-io-4435078295,Schoonmaker,,scraped,2026-07-07T02:23:35.294197,
b2877a1a61eaaa79,https://nl.linkedin.com/jobs/view/bijrijder-at-booston-io-4435448221,Bijrijder,,scraped,2026-07-07T02:23:43.296443,
e33e6e8e2a700815,https://nl.linkedin.com/jobs/view/open-sollicitatie-rijswijk-at-kropman-4435382690,Open sollicitatie | Rijswijk,,scraped,2026-07-07T02:23:51.470815,
4f2fb36b46bca6a3,https://nl.linkedin.com/jobs/view/handyman-at-booston-io-4435070788,Handyman,,scraped,2026-07-07T02:23:58.793605,
ebb1c3dbefe809d5,https://nl.linkedin.com/jobs/view/bijrijder-at-booston-io-4435443389,Bijrijder,,scraped,2026-07-07T02:24:07.055788,
0fe8bd4ab039e159,https://nl.linkedin.com/jobs/view/opperman-40-uur-at-booston-io-4435062864,Opperman (40 uur),,scraped,2026-07-07T02:24:15.143182,
a4e06a0a56baac28,https://nl.linkedin.com/jobs/view/business-developer-%E2%80%94-sustainability-esg-commission-based-at-argo-advisory-4436706915,Business Developer — Sustainability & ESG (commission-based),,scraped,2026-07-07T02:24:22.804922,
3858e789a246f21d,https://nl.linkedin.com/jobs/view/head-of-security-operations-at-jobgether-4435426637,Head of Security Operations,,scraped,2026-07-07T02:24:31.718746,
91a4669b6b483ec0,https://nl.linkedin.com/jobs/view/supply-chain-value-engineering-senior-director-at-univers-4435291327,Supply Chain Value Engineering - Senior Director,,scraped,2026-07-07T02:24:38.472090,
baec130d1b806731,https://nl.linkedin.com/jobs/view/project-manager-at-apache-associates-4437139957,Project Manager,,scraped,2026-07-07T02:24:45.658653,
b371b9d50ce61f78,https://nl.linkedin.com/jobs/view/python-engineer-at-jobgether-4435414075,Python Engineer,,scraped,2026-07-07T02:25:55.974091,
3609e43d25ee246e,https://nl.linkedin.com/jobs/view/pedagogisch-professional-bso-24-uur-in-voerendaal-at-docentenmarktplaats-nl-4435400949,Pedagogisch Professional BSO 24 uur in Voerendaal,,scraped,2026-07-07T02:26:02.306481,
eef6ed1f9d5ba1a3,https://nl.linkedin.com/jobs/view/junior-manager-at-allison-red-4436723237,Junior Manager,,scraped,2026-07-07T02:26:12.797302,
ccbf6de533177e7e,https://nl.linkedin.com/jobs/view/finance-investment-internship-in-private-equity-at-verder-liquids-4435448838,Finance & investment internship in private equity,,scraped,2026-07-07T02:26:20.247883,
761a1cf66c86bdc3,https://nl.linkedin.com/jobs/view/member-of-the-board-of-advisors-at-westfield-fc-4436072367,Member of the Board of Advisors,,scraped,2026-07-07T02:26:40.683766,
783a05ba7c58f85c,https://nl.linkedin.com/jobs/view/ux-ui-designer-at-bumaco-srls-4437700495,UX/UI-Designer,Bumaco Srls,posted,2026-07-07T02:27:29.947770,28
ea3e3d6d4a8cca29,https://nl.linkedin.com/jobs/view/delivery-driver-albert-heijn-barendrecht-at-booston-io-4435463657,Delivery Driver Albert Heijn Barendrecht,,scraped,2026-07-07T02:27:32.981670,
7ab5d348c04c4bef,https://nl.linkedin.com/jobs/view/versspecialist-at-jumbo-supermarkten-4320343477,Versspecialist,,scraped,2026-07-07T02:27:41.211019,
1be1d7f1f3b0b468,https://nl.linkedin.com/jobs/view/opticien-at-specsavers-4400365761,Opticien,,scraped,2026-07-07T02:27:49.137217,
c2e41a5039d364ae,https://nl.linkedin.com/jobs/view/stratenmaker-at-booston-io-4435057784,Stratenmaker,,scraped,2026-07-07T02:27:56.045889,
97f291fab16597b6,https://nl.linkedin.com/jobs/view/bouwhulp-at-booston-io-4435063837,Bouwhulp,,scraped,2026-07-07T02:28:05.245363,
04ec835f2a43a45a,https://nl.linkedin.com/jobs/view/siloreiniger-at-booston-io-4435074378,Siloreiniger,,scraped,2026-07-07T02:28:13.317486,
67df6bd69bc46836,https://nl.linkedin.com/jobs/view/steigerbouwer-at-booston-io-4435075786,Steigerbouwer,,scraped,2026-07-07T02:28:21.478612,
6b576eac1d4008ec,https://nl.linkedin.com/jobs/view/opleiding-verkeersregelaar-at-booston-io-4435077217,Opleiding verkeersregelaar,,scraped,2026-07-07T02:29:33.316273,
3c5e17c2a5d66c28,https://nl.linkedin.com/jobs/view/glazenwasser-at-booston-io-4435433748,Glazenwasser,,scraped,2026-07-07T02:29:41.410868,
be1d2c7677a01624,https://nl.linkedin.com/jobs/view/glaszetter-at-booston-io-4435058812,Glaszetter,,scraped,2026-07-07T02:29:49.352159,
40c4cc33f58871ff,https://nl.linkedin.com/jobs/view/veva-marinier-jobbird-com-at-jobster-4435076498,VEVA Marinier - Jobbird.com,,scraped,2026-07-07T02:29:57.752948,
771586e57d759867,https://nl.linkedin.com/jobs/view/schilder-at-booston-io-4435086107,Schilder,,scraped,2026-07-07T02:30:06.071395,
704ea94b171ca255,https://nl.linkedin.com/jobs/view/bouwhulp-at-booston-io-4435061847,Bouwhulp,,scraped,2026-07-07T02:30:15.348011,
a2cc47c137f8095d,https://nl.linkedin.com/jobs/view/student-audicien-at-specsavers-4427904761,Student Audicien,,scraped,2026-07-07T02:30:24.290077,
ce002d6cf926f1d8,https://nl.linkedin.com/jobs/view/monteur-verkeersmaatregelen-at-booston-io-4435073259,Monteur verkeersmaatregelen,,scraped,2026-07-07T02:30:31.294097,
e81ebb41b77e7667,https://nl.linkedin.com/jobs/view/versspecialist-at-jumbo-supermarkten-4436208034,Versspecialist,,scraped,2026-07-07T02:30:39.622021,
71fa274738e965a7,https://nl.linkedin.com/jobs/view/versspecialist-at-jumbo-supermarkten-4426945695,Versspecialist,,scraped,2026-07-07T02:30:47.832851,
303fbe2c0e26a4ee,https://nl.linkedin.com/jobs/view/schoonmaker-trucks-at-booston-io-4435429843,Schoonmaker Trucks,,scraped,2026-07-07T02:30:55.725840,
a39f0cea051493e5,https://nl.linkedin.com/jobs/view/versspecialist-at-jumbo-supermarkten-4426938777,Versspecialist,,scraped,2026-07-07T02:31:04.407559,
15289dacb379bde1,https://nl.linkedin.com/jobs/view/ijsmeester%0A-%0A-enschede-at-optisport-breda-4432342858,"IJsmeester
                                                                                -
                                                                                Enschede",Optisport Breda,posted,2026-07-07T02:31:20.596626,30
db8bba222dff8355,https://nl.linkedin.com/jobs/view/computer-aided-design-designer-at-looper-engineering-4437150460,Computer Aided Design Designer,,scraped,2026-07-07T02:31:23.383251,
2dd950f52831dd17,https://nl.linkedin.com/jobs/view/tiktok-shop-specialist-at-jobgether-4436218414,TikTok Shop Specialist,,scraped,2026-07-07T02:31:36.383984,
63b6ea2cbe04fb13,https://nl.linkedin.com/jobs/view/international-sales-manager-at-lamoral-4435536702,International Sales Manager,,scraped,2026-07-07T02:31:43.108009,
7bae7a9542ddce44,https://nl.linkedin.com/jobs/view/schoonmaker-at-green-star-schoonmaakdiensten-4437126016,Schoonmaker,,scraped,2026-07-07T02:31:50.742666,
cdef263f8af625af,https://nl.linkedin.com/jobs/view/events-representative-at-lox-club-4436929254,Events Representative,,scraped,2026-07-07T02:33:01.768300,
e911711b93c39938,https://nl.linkedin.com/jobs/view/junior-recruiter-at-envida-4437184858,Junior recruiter,,scraped,2026-07-07T02:34:23.965825,
04c461dee1cb6307,https://nl.linkedin.com/jobs/view/pedagogisch-professional-buitenschoolse-opvang-bso-at-docentenmarktplaats-nl-4435415248,Pedagogisch Professional Buitenschoolse Opvang (BSO),,scraped,2026-07-07T02:34:31.370530,
d16be0a79bbe4866,https://nl.linkedin.com/jobs/view/global-product-manager-b2b-ingredients-at-qlm-search-4436756649,Global Product Manager (B2B Ingredients),,scraped,2026-07-07T02:34:42.369085,
9ad5e7f8bd489fbc,https://nl.linkedin.com/jobs/view/pedagogisch-professional-kinderdagverblijf-de-stern-verticale-groep-at-docentenmarktplaats-nl-4435419153,Pedagogisch professional | Kinderdagverblijf De Stern | verticale groep,,scraped,2026-07-07T02:34:48.797010,
24ca5a494fc8bbeb,https://nl.linkedin.com/jobs/view/schoonheidsspecialist-e-4436405305,Schoonheidsspecialist(e),Revive Beauty Coevorden,posted,2026-07-07T02:35:07.808217,32
af4b0448e5016c63,https://nl.linkedin.com/jobs/view/enqu%C3%AAteur-cbs-purmerend-at-centraal-bureau-voor-de-statistiek-4416590488,"Enquêteur CBS, Purmerend",,scraped,2026-07-07T02:35:10.687317,
79c4515954a44855,https://nl.linkedin.com/jobs/view/vacature-mfp-ploeg-2-at-brandweer-4436987140,Vacature MFP Ploeg 2,,scraped,2026-07-07T02:36:21.892515,
c3cf866fe22886cb,https://nl.linkedin.com/jobs/view/housekeeping-medewerker-at-westcord-hotels-4433184630,Housekeeping Medewerker,,scraped,2026-07-07T02:36:28.997943,
a8fa9d006d66deef,https://nl.linkedin.com/jobs/view/production-employee-at-elis-4436379299,Production Employee,,scraped,2026-07-07T02:36:36.826845,
9a8b036592e8abe0,https://nl.linkedin.com/jobs/view/timmerman-at-continu-professionals-4436087027,Timmerman,,scraped,2026-07-07T02:36:45.985880,
9b2abe6dff6bd26c,https://nl.linkedin.com/jobs/view/genai-specialist-ai-commerce-careers-at-vacat-bv-4433753540,GenAI Specialist AI Commerce Careers,,scraped,2026-07-07T02:36:53.666398,
692613eaff30920d,https://nl.linkedin.com/jobs/view/public-area-attendant-at-de-l-europe-amsterdam-4359887571,Public Area Attendant,,scraped,2026-07-07T02:38:03.646490,
70112f7e56477ca6,https://nl.linkedin.com/jobs/view/open-sollicitatie-at-senl-security-solutions-b-v-4416096981,Open sollicitatie,,scraped,2026-07-07T02:39:14.262490,
e1835c055a3fe31e,https://nl.linkedin.com/jobs/view/technical-product-manager-%E2%80%93-wan-network-connectivity-at-jobgether-4435792182,Technical Product Manager – WAN & Network Connectivity,,scraped,2026-07-07T02:39:23.178385,
9631e04a871b5fd2,https://nl.linkedin.com/jobs/view/financial-accountant-at-meijer-zanoli-4435775725,Financial Accountant,,scraped,2026-07-07T02:39:29.901063,
dade78daa2cf3c97,https://nl.linkedin.com/jobs/view/ai-analyst-at-main-capital-partners-4437155215,AI Analyst,,scraped,2026-07-07T02:39:37.625231,
be42053f8b623f60,https://nl.linkedin.com/jobs/view/dayshift-warehouse-at-nissan-start-people-at-jobster-4435202546,Dayshift Warehouse at Nissan - Start People,,scraped,2026-07-07T02:40:50.386235,
7531d46d838088ab,https://nl.linkedin.com/jobs/view/brand-marketeer-at-taxmate-4436498943,Brand Marketeer,,scraped,2026-07-07T02:40:58.532861,
6e267ad30a026f6e,https://nl.linkedin.com/jobs/view/product-manager-e-health-platform-at-haystack-people-4435233511,Product Manager | E-health Platform,,scraped,2026-07-07T02:41:05.184888,
65795d2b31e91f1e,https://nl.linkedin.com/jobs/view/social-brand-manager-at-tbwa-neboko-4436721900,(Social) Brand Manager,,scraped,2026-07-07T02:41:14.764998,
cdabe10220b03a5c,https://nl.linkedin.com/jobs/view/productiemanager-at-tecnotion-4436374567,Productiemanager,,scraped,2026-07-07T02:41:21.837521,
54d5d4e72b3a73c8,https://nl.linkedin.com/jobs/view/machine-learning-scientist-at-adyen-4436049370,Machine Learning Scientist,,scraped,2026-07-07T02:41:29.402106,
eb70978836e7feec,https://nl.linkedin.com/jobs/view/cleaner-at-schiphol-at-gom-schoonhouden-4436414076,Cleaner at Schiphol,,scraped,2026-07-07T02:41:36.159724,
769189f703fe7d2a,https://nl.linkedin.com/jobs/view/battery-swapper-flexible-at-check-4435258403,Battery Swapper (flexible),,scraped,2026-07-07T02:41:43.833194,
cef4e3b699c44ce2,https://nl.linkedin.com/jobs/view/helpende-%E2%80%93-flexpool-12-24-uur-at-manna-4432709693,Helpende – Flexpool (12-24 uur),,scraped,2026-07-07T02:41:51.992971,
02afec6c040218e7,https://nl.linkedin.com/jobs/view/sales-executive-at-straight-line-leadership-4435563509,Sales executive,,scraped,2026-07-07T02:41:59.311466,
24331bd52ee920d3,https://nl.linkedin.com/jobs/view/open-sollicitatie-keuken-at-restaurant-rust-wat-4433950000,Open Sollicitatie - Keuken,,scraped,2026-07-07T02:42:06.915357,
f145cd62de002e06,https://nl.linkedin.com/jobs/view/barista-at-hotelprofessionals-4435702425,BARISTA,,scraped,2026-07-07T02:42:13.602743,
04eac1af14567dc8,https://nl.linkedin.com/jobs/view/keukenmonteur-at-de-mandemakers-groep-4435205758,Keukenmonteur,,scraped,2026-07-07T02:42:22.405112,
5d8f17b1e7c2092c,https://nl.linkedin.com/jobs/view/keukenmonteur-at-de-mandemakers-groep-4435219291,Keukenmonteur,,scraped,2026-07-07T02:42:29.905277,
0d3af3389466b37b,https://nl.linkedin.com/jobs/view/gastouders-gezocht%21-at-de-hoeksche-school-kinderopvang-4436967845,Gastouders gezocht!,,scraped,2026-07-07T02:42:36.282623,
1f527ea543389ec8,https://nl.linkedin.com/jobs/view/%E5%BF%AB%E6%89%8B%E6%80%A5%E6%8B%9B-%E8%AF%AD%E9%9F%B3%E4%BA%92%E5%8A%A8-at-%E6%B2%88%E9%98%B3%E4%BB%8A%E7%8E%BA%E6%B1%BD%E8%BD%A6%E9%94%80%E5%94%AE%E6%9C%89%E9%99%90%E5%85%AC%E5%8F%B8-4435743715,快手急招 语音互动,沈阳今玺汽车销售有限公司,failed|wp_post_failed,2026-07-07T02:43:56.948826,
fd448941c734dd0e,https://nl.linkedin.com/jobs/view/assistant-store-manager-at-crocs-inc-4433107231,Assistant Store Manager,"Crocs, Inc.",posted,2026-07-07T02:44:09.726471,34
2aa20944a21a3fd5,https://nl.linkedin.com/jobs/view/chauffeur-biobox-at-boels-rental-4435534727,Chauffeur Biobox,,scraped,2026-07-07T02:44:12.373768,
ae8e92d859c50181,https://nl.linkedin.com/jobs/view/recruitment-consultant-at-hr-recruiters-4437403544,Recruitment Consultant,,scraped,2026-07-07T02:44:20.886171,
41b555bbd6a7ccc6,https://nl.linkedin.com/jobs/view/open-sollicitatie-keuken-at-axivate-horeca-group-4436719573,Open Sollicitatie - Keuken,,scraped,2026-07-07T02:44:30.109337,
7372607355e3da71,https://nl.linkedin.com/jobs/view/mobiel-surveillant-utrecht-ochtenddienst-at-g4s-4384482094,MOBIEL SURVEILLANT UTRECHT OCHTENDDIENST,,scraped,2026-07-07T02:44:37.317555,
dfe0f3d98c4b153c,https://nl.linkedin.com/jobs/view/operator-at-darling-ingredients-4435447792,Operator,,scraped,2026-07-07T02:44:46.848793,
bec3376f4591cc3f,https://nl.linkedin.com/jobs/view/health-safety-specialist-at-jysk-4433182948,Health & Safety Specialist,,scraped,2026-07-07T02:44:54.598347,
ca6907604b64eec4,https://nl.linkedin.com/jobs/view/payroll-specialist-at-boels-rental-4426345895,Payroll Specialist,,scraped,2026-07-07T02:46:04.980312,
4ef53d20a330cb58,https://nl.linkedin.com/jobs/view/transportplanner-at-vnom-we-get-the-job-done-4437451059,Transportplanner,,scraped,2026-07-07T02:46:12.201569,
e4cbc76a3a41c43e,https://nl.linkedin.com/jobs/view/helpende-plus-at-flexzo-nl-4437405063,Helpende Plus,,scraped,2026-07-07T02:46:19.445969,
bce70230d51a7545,https://nl.linkedin.com/jobs/view/calculator-infra-at-dura-vermeer-4432798207,Calculator infra,,scraped,2026-07-07T02:46:27.619839,
f337c17e635ddd85,https://nl.linkedin.com/jobs/view/vacature-human-resources-werving-selectie-specialist-at-mcdonald-s-ermelo-harderwijk-lelystad-batavia-stad-nijkerk-zaanstad-3x-4437163509,VACATURE HUMAN RESOURCES WERVING & SELECTIE SPECIALIST,"McDonald's Ermelo, Harderwijk, Lelystad Batavia Stad, Nijkerk & Zaanstad (3x)",posted,2026-07-07T02:47:48.581681,36
644a68ae51524c6c,https://nl.linkedin.com/jobs/view/junior-recruiter-at-countus-groep-4436378009,Junior Recruiter,,scraped,2026-07-07T02:47:51.307232,
f11fea68fbfeec08,https://nl.linkedin.com/jobs/view/business-controller-at-meijer-zanoli-4435792091,Business Controller,,scraped,2026-07-07T02:47:58.135026,
806d02ec21a1b406,https://nl.linkedin.com/jobs/view/regiomanager-amsterdam-at-ad-hoc-beheer-b-v-4436936670,Regiomanager Amsterdam,,scraped,2026-07-07T02:48:05.589646,
5dc6298b16d7945c,https://nl.linkedin.com/jobs/view/remote-travel-career-starter-studentjob-nl-at-jobster-4435784590,Remote Travel Career Starter - Studentjob.nl,,scraped,2026-07-07T02:48:14.700852,
936e4f3366dd68dd,https://nl.linkedin.com/jobs/view/technical-support-engineer-tavily-at-jobgether-4435462414,"Technical Support Engineer, Tavily",,scraped,2026-07-07T02:49:27.940483,
9dda04a5a9d50022,https://nl.linkedin.com/jobs/view/%E6%8A%96%E9%9F%B3%E7%9F%AD%E8%A7%86%E9%A2%91%E5%88%87%E7%89%87%E5%88%9B%E4%B8%9A-at-%E6%97%A0%E5%BF%A7%E4%BC%A0%E5%AA%92-4435752782,抖音短视频切片创业,无忧传媒,failed|wp_post_failed,2026-07-07T02:49:38.318759,
43f79d4d06dc753c,https://nl.linkedin.com/jobs/view/business-development-manager-logistics-at-jobgether-4436095628,"Business Development Manager, Logistics",,scraped,2026-07-07T02:49:41.280394,
79d960fb996fc388,https://nl.linkedin.com/jobs/view/country-manager-netherlands-residential-energy-storage-chinese-speaker-at-pt-talenta-eksekutif-asia-4435457432,Country Manager - Netherlands (Residential Energy Storage) - Chinese Speaker,PT Talenta Eksekutif Asia,posted,2026-07-07T02:50:08.696373,38
e0e3c1080e31c960,https://nl.linkedin.com/jobs/view/country-manager-netherlands-residential-energy-storage-chinese-speaker-at-pt-talenta-eksekutif-asia-4435456443,Country Manager - Netherlands (Residential Energy Storage) - Chinese Speaker,PT Talenta Eksekutif Asia,posted,2026-07-07T02:50:39.309656,38
976b54539bf7bb4d,https://nl.linkedin.com/jobs/view/versspecialist-at-jumbo-supermarkten-4425821750,Versspecialist,,scraped,2026-07-07T02:50:42.220258,
7bb2c91b65f46a3e,https://nl.linkedin.com/jobs/view/schoonmakers-alkmaar-at-booston-io-4435427982,Schoonmakers Alkmaar,,scraped,2026-07-07T02:50:50.146438,
a3ee932273cdba23,https://nl.linkedin.com/jobs/view/versspecialist-at-jumbo-supermarkten-4407911666,Versspecialist,,scraped,2026-07-07T02:50:58.665173,
06205ce21bd41d7e,https://nl.linkedin.com/jobs/view/monter-kana%C5%82%C3%B3w-wentylacyjnych-zzp-%E2%80%93-holandia-at-booston-io-4435234676,Monter Kanałów Wentylacyjnych ZZP – Holandia,,scraped,2026-07-07T02:51:06.705198,
a694336e35e1810f,https://nl.linkedin.com/jobs/view/versspecialist-at-jumbo-supermarkten-4407028728,Versspecialist,,scraped,2026-07-07T02:51:15.159967,
07fea418f0c5dde1,https://nl.linkedin.com/jobs/view/toezichthouder%0A-%0A-aalten-at-optisport-breda-4432358189,"Toezichthouder
                                                                                -
                                                                                Aalten",,scraped,2026-07-07T02:51:22.714171,
f6e5723bf09fd29d,https://nl.linkedin.com/jobs/view/allround-glazenwasser-at-booston-io-4435446275,Allround glazenwasser,,scraped,2026-07-07T02:51:30.194759,
1aadd9f035d2d9ad,https://nl.linkedin.com/jobs/view/grondwerker-at-booston-io-4435078509,Grondwerker,,scraped,2026-07-07T02:51:38.212472,
e64e5bbbb79c8913,https://nl.linkedin.com/jobs/view/junior-timmerman-40-uur-per-week-at-booston-io-4435463675,Junior Timmerman 40 uur per week,,scraped,2026-07-07T02:51:46.266666,
36f698472d9a80d6,https://nl.linkedin.com/jobs/view/versspecialist-at-jumbo-supermarkten-4435202725,Versspecialist,,scraped,2026-07-07T02:51:54.157456,
61493b55d5799a09,https://nl.linkedin.com/jobs/view/versspecialist-at-jumbo-supermarkten-4398159504,Versspecialist,,scraped,2026-07-07T02:52:01.997624,
c2d04ac5815db2f4,https://nl.linkedin.com/jobs/view/versspecialist-at-jumbo-supermarkten-4362361409,Versspecialist,,scraped,2026-07-07T02:52:10.456175,
9142022bb83b11c6,https://nl.linkedin.com/jobs/view/versspecialist-at-jumbo-supermarkten-4436230593,Versspecialist,,scraped,2026-07-07T02:52:18.190892,
995a482d016a7f6d,https://nl.linkedin.com/jobs/view/schipper-zandzuiger-at-booston-io-4435069678,Schipper Zandzuiger,,scraped,2026-07-07T02:52:26.022462,
243180465c80f275,https://nl.linkedin.com/jobs/view/versspecialist-at-jumbo-supermarkten-4361636891,Versspecialist,,scraped,2026-07-07T02:52:34.459545,
55096d9c64937977,https://nl.linkedin.com/jobs/view/versspecialist-at-jumbo-supermarkten-4435452199,Versspecialist,,scraped,2026-07-07T02:52:42.170291,
1ebabae552b155b1,https://nl.linkedin.com/jobs/view/orderpicker-at-booston-io-4435082024,Orderpicker,,scraped,2026-07-07T02:52:50.091346,
54d3477b09102b7a,https://nl.linkedin.com/jobs/view/schoonmaker-at-jumbo-supermarkten-4426288924,Schoonmaker,,scraped,2026-07-07T02:52:58.289046,
bfcedb882b378c62,https://nl.linkedin.com/jobs/view/versspecialist-at-jumbo-supermarkten-4435433953,Versspecialist,,scraped,2026-07-07T02:53:06.300087,
217b9bff9b1753b8,https://nl.linkedin.com/jobs/view/poedercoater-at-booston-io-4435071311,Poedercoater,,scraped,2026-07-07T02:53:13.807151,
bd09d8f5cfa90a5c,https://nl.linkedin.com/jobs/view/pedagogisch-professional-bso-%E2%80%93-millingen-aan-de-rijn-20-uur-at-docentenmarktplaats-nl-4436022703,Pedagogisch professional BSO – Millingen aan de Rijn 20 uur,,scraped,2026-07-07T02:53:21.600788,
e77dfe68a51f83f3,https://nl.linkedin.com/jobs/view/mechanical-engineer-at-nijl-4437153566,Mechanical Engineer,,scraped,2026-07-07T02:53:32.858313,
0ceb2a0c636f5338,https://nl.linkedin.com/jobs/view/traineeship-operations-warehouse-supervisor-at-monday-merch-4437135995,Traineeship | Operations & Warehouse Supervisor,,scraped,2026-07-07T02:53:44.454746,
9302574a6a34a0d8,https://nl.linkedin.com/jobs/view/senior-director-business-development-french-speaking-at-jobgether-4435461425,"Senior Director, Business Development - French Speaking",,scraped,2026-07-07T02:53:51.806510,
aaf2c1634a04382a,https://nl.linkedin.com/jobs/view/pedagogisch-professional-bso-24-28-uur-in-vijlen-nieuwe-locatie-at-docentenmarktplaats-nl-4435423077,Pedagogisch professional BSO 24-28 uur in Vijlen (nieuwe locatie),,scraped,2026-07-07T02:53:58.326196,
8e5d93beab1009d5,https://nl.linkedin.com/jobs/view/manager-restaurant-at-red-tomato-pies-4436716156,"manager, restaurant",,scraped,2026-07-07T02:54:07.790646,
c1bf196bda021b5e,https://nl.linkedin.com/jobs/view/pedagogisch-coach-at-kenter-jeugdhulp-4436719837,Pedagogisch Coach,,scraped,2026-07-07T02:54:14.537844,
110b3997e9a328fc,https://nl.linkedin.com/jobs/view/bediening-at-hotelprofessionals-4435488871,BEDIENING,,scraped,2026-07-07T02:55:26.744900,
55c58dba2e9d5b06,https://nl.linkedin.com/jobs/view/head-of-retail-at-studio-jill-4437451192,Head of retail,,scraped,2026-07-07T02:55:35.683137,
f0ee9da4c4fa26bf,https://nl.linkedin.com/jobs/view/product-genius-at-van-poelgeest-bmw-mini-4436733349,Product Genius,,scraped,2026-07-07T02:55:42.675998,
9c545d321beae744,https://nl.linkedin.com/jobs/view/open-sollicitatie-bediening-at-axivate-horeca-group-4436716761,Open Sollicitatie - Bediening,,scraped,2026-07-07T02:56:54.522873,
8b37fe901e448846,https://nl.linkedin.com/jobs/view/assistent-shiftleider-orderpick-40-uur-per-week-at-udea-bv-4436723667,Assistent Shiftleider Orderpick (40 uur per week),,scraped,2026-07-07T02:58:05.030050,
fb3d90431506fb3c,https://nl.linkedin.com/jobs/view/data-analyst-at-landal-4436371685,Data Analyst,,scraped,2026-07-07T02:58:12.786952,
cea9e98c9e2df109,https://nl.linkedin.com/jobs/view/business-development-manager-at-cauridor-4437421158,Business Development Manager,,scraped,2026-07-07T02:58:19.744285,
19a1fd3e0ce6da36,https://nl.linkedin.com/jobs/view/bediening-medewerker-restaurant-at-hotelprofessionals-4435282459,Bediening medewerker (restaurant),,scraped,2026-07-07T02:58:39.678726,
cb28db4df96bb9fd,https://nl.linkedin.com/jobs/view/product-manager-player-onboarding-activation-at-jobgether-4435730824,Product Manager - Player Onboarding & Activation,,scraped,2026-07-07T02:58:48.807223,
ff82327983c53769,https://nl.linkedin.com/jobs/view/advisory-marketing-leader-netherlands-at-flosum-4437418571,Advisory Marketing Leader (Netherlands),,scraped,2026-07-07T02:58:55.750810,
cedc337c20ef9c4c,https://nl.linkedin.com/jobs/view/brand-manager-at-tbwa-neboko-4437407259,Brand Manager,,scraped,2026-07-07T02:59:08.321826,
9de0385c93ddf7a7,https://nl.linkedin.com/jobs/view/pedagogisch-en-creatief-professional-sport-heerhugowaard-at-docentenmarktplaats-nl-4436058813,Pedagogisch en creatief professional sport Heerhugowaard,,scraped,2026-07-07T02:59:15.101670,
e99d0e5a9e827c3f,https://nl.linkedin.com/jobs/view/cybersecurity-consultant-information-security-grc-at-nlcyber-4436354855,Cybersecurity Consultant | Information Security & GRC,,scraped,2026-07-07T02:59:24.980384,
589dc3cf0b97920e,https://nl.linkedin.com/jobs/view/werkvoorbereider-calculator-at-booston-io-4435083123,Werkvoorbereider / Calculator,,scraped,2026-07-07T02:59:33.765813,
07e7a71c115a51e5,https://nl.linkedin.com/jobs/view/contractbeheerder-at-vnom-we-get-the-job-done-4437704161,Contractbeheerder,,scraped,2026-07-07T02:59:42.094722,
734bd3b208893a5f,https://nl.linkedin.com/jobs/view/versspecialist-at-jumbo-supermarkten-4376419320,Versspecialist,,scraped,2026-07-07T02:59:49.607260,
5d45960ad6348f6f,https://nl.linkedin.com/jobs/view/opticien-at-ace-tate-4436419238,Opticien,Ace & Tate,posted,2026-07-07T03:01:13.364494,40
dccccb43449f6b59,https://nl.linkedin.com/jobs/view/bartender-at-hard-rock-cafe-4417749648,Bartender,,scraped,2026-07-07T03:01:15.972430,
383800814f34b7db,https://nl.linkedin.com/jobs/view/enqu%C3%AAteur-cbs-amstelveen-at-centraal-bureau-voor-de-statistiek-4416588514,"Enquêteur CBS, Amstelveen",,scraped,2026-07-07T03:01:42.336295,
4819d2377a8ab21c,https://nl.linkedin.com/jobs/view/junior-manager-audit-at-flynth-4248077162,Junior manager audit,,scraped,2026-07-07T03:01:49.568814,
8664e9d5faba71bb,https://nl.linkedin.com/jobs/view/audicien-at-hans-anders-4284172080,Audicien,Hans Anders,posted,2026-07-07T03:03:10.354924,42
a2713353df70ed2b,https://nl.linkedin.com/jobs/view/%E6%96%87%E5%B1%B1%E8%B4%A8%E6%A3%80300-%E5%A4%A9%E5%8D%B0%E5%88%B7%E8%B4%B4%E6%A0%87%E7%AD%BE%E5%8C%85%E5%90%83%E4%BD%8F-at-%E6%98%86%E6%98%8E%E4%B8%80%E5%9C%A3%E9%A4%90%E9%A5%AE%E7%AE%A1%E7%90%86%E6%9C%89%E9%99%90%E5%85%AC%E5%8F%B8-4435732932,文山质检300/天印刷贴标签包吃住,昆明一圣餐饮管理有限公司,posted,2026-07-07T03:03:43.465632,44
54a567218c2abe08,https://nl.linkedin.com/jobs/view/td-monteur-at-booston-io-4435077341,TD Monteur,,scraped,2026-07-07T03:03:46.078531,
b2d6115cbc252624,https://nl.linkedin.com/jobs/view/international-hospitality-staff-tilburg-fourparties-at-jobster-4435284120,International Hospitality Staff Tilburg - FourParties,,scraped,2026-07-07T03:03:54.653595,
661a2bff3487c7be,https://nl.linkedin.com/jobs/view/salesperson-at-social-impact-factory-4436701412,Salesperson,,scraped,2026-07-07T03:04:03.185943,
d52923145c3c3754,https://nl.linkedin.com/jobs/view/onderhoudsmonteur-at-coffee-service-group-4436941707,Onderhoudsmonteur,,scraped,2026-07-07T03:04:10.703562,
bbc2c39d538ebc9a,https://nl.linkedin.com/jobs/view/marketing-communications-project-manager-at-buro-boolos-intelligent-marketing-4436985540,Marketing Communications Project Manager,Buro Boolos - Intelligent Marketing,posted,2026-07-07T03:04:27.918860,46
967fe991676affa9,https://nl.linkedin.com/jobs/view/net-engineer-remote-at-yo-it-consulting-4435719375,.NET Engineer - Remote,,scraped,2026-07-07T03:04:30.786704,
8821b98940f70352,https://nl.linkedin.com/jobs/view/controller-at-docentenmarktplaats-nl-4436046395,Controller,,scraped,2026-07-07T03:04:37.423822,
4181a15fe620775e,https://nl.linkedin.com/jobs/view/werkervaringsplek-topsport-amsterdam-at-sport-knowhow-xl-4436912050,Werkervaringsplek | Topsport Amsterdam,,scraped,2026-07-07T03:04:47.874075,
453d1cb4bbae561f,https://nl.linkedin.com/jobs/view/shipping-assistant-at-abroad-experience-international-recruitment-4436206801,Shipping Assistant,,scraped,2026-07-07T03:04:57.801205,
b7f8b9a4c4a3139f,https://nl.linkedin.com/jobs/view/entry-level-data-analyst-studentjob-nl-at-jobster-4435795217,Entry Level Data Analyst - Studentjob.nl,,scraped,2026-07-07T03:05:06.511744,
67045fe3c594e705,https://nl.linkedin.com/jobs/view/mechanical-design-engineer-at-uptec-4437145559,Mechanical Design Engineer,,scraped,2026-07-07T03:05:14.301740,
4825f5496dfe4e31,https://nl.linkedin.com/jobs/view/nanny-with-dl-at-websoft-europe-4436990215,Nanny with DL,,scraped,2026-07-07T03:05:24.683889,
bdc5d3828c2d4237,https://nl.linkedin.com/jobs/view/supply-chain-engineer-at-destinus-4437169088,Supply Chain Engineer,,scraped,2026-07-07T03:06:35.839292,
6c9344469e4abfa2,https://nl.linkedin.com/jobs/view/business-development-representative-at-commify-4436499624,Business Development Representative,,scraped,2026-07-07T03:06:43.527389,
5af54d9d6a33572f,https://nl.linkedin.com/jobs/view/open-sollicitatie-bediening-at-axivate-horeca-group-4436717730,Open Sollicitatie - Bediening,,scraped,2026-07-07T03:06:50.018249,
7f0803832b656306,https://nl.linkedin.com/jobs/view/financial-accountant-at-impactsearch-finance-recruitment-4435458556,Financial Accountant,,scraped,2026-07-07T03:06:56.918526,
e85266e9c1d17649,https://nl.linkedin.com/jobs/view/%E6%98%8E%E6%98%9F%E5%88%87%E7%89%87%E5%89%AA%E8%BE%91-at-ledo-interactive-co-ltd-4435727315,明星切片剪辑,,scraped,2026-07-07T03:07:05.601437,
124c5e2b0d091043,https://nl.linkedin.com/jobs/view/pedagogisch-medewerker-kinderdagverblijf-de-noordster-in-voorschoten-27-32-uur-at-docentenmarktplaats-nl-4435400918,Pedagogisch Medewerker Kinderdagverblijf De Noordster in Voorschoten (27-32 uur),,scraped,2026-07-07T03:07:12.313727,
6fcddd272752c147,https://nl.linkedin.com/jobs/view/operation-specialist-at-pvg-pro-b-v-4436359678,Operation Specialist,,scraped,2026-07-07T03:07:22.596892,
e5edf65267aff32d,https://nl.linkedin.com/jobs/view/kok-medewerker-bediening-at-fran%C3%A7ois-geurds-group-4436326573,Kok // Medewerker Bediening,,scraped,2026-07-07T03:07:30.315633,
954994ab7a966528,https://nl.linkedin.com/jobs/view/audicien-den-haag-at-audika-4323236826,Audicien Den Haag,,scraped,2026-07-07T03:07:37.903978,
a0b64dcb08caa76f,https://nl.linkedin.com/jobs/view/yoga-pilatesinstructrice-4436790037,Yoga-pilatesinstructrice,Brooklyn’s Gym,posted,2026-07-07T03:07:52.381907,48
8e2dd455114c629f,https://nl.linkedin.com/jobs/view/salarisadministrateur-at-all-about-work-4435199665,Salarisadministrateur,,scraped,2026-07-07T03:07:55.132518,
22f0c7a3497e3780,https://nl.linkedin.com/jobs/view/workforce-planner-amsterdam-24u-at-brocacef-4435103024,Workforce planner Amsterdam (24u),,scraped,2026-07-07T03:08:05.707305,
26be6d6b711e5229,https://nl.linkedin.com/jobs/view/werkvoorbereider-at-hagemans-vastgoedonderhoud-4432775252,Werkvoorbereider,,scraped,2026-07-07T03:08:13.570977,
2b0b0018147cac99,https://nl.linkedin.com/jobs/view/green-space-worker-with-dl-at-websoft-europe-4436987304,Green Space Worker with DL,,scraped,2026-07-07T03:08:23.138722,
6af39abebca09ffa,https://nl.linkedin.com/jobs/view/opticien-at-pearle-opticiens-4435215202,Opticien,,scraped,2026-07-07T03:08:30.564346,
fa8cba23be239668,https://nl.linkedin.com/jobs/view/asfaltwerker-at-mouwrik-waardenburg-b-v-4436950050,Asfaltwerker,Mouwrik Waardenburg B.V.,posted,2026-07-07T03:09:59.979459,50
30bb0aa7e4bcb958,https://nl.linkedin.com/jobs/view/allround-conci%C3%ABrge-at-etty-hillesum-lyceum-4435431826,Allround conciërge,Etty Hillesum Lyceum,posted,2026-07-07T03:10:12.599314,52
799a5a1bb3f7f5de,https://nl.linkedin.com/jobs/view/this-website-utilizes-technologies-such-as-cookies-to-enable-essential-site-functionality-as-well-as-for-analytics-personalization-and-targeted-advertising-privacy-policy%0Aaccept%0Adeny-non-essential-at-schoevers-college-4436206385,"This website utilizes technologies such as cookies to enable essential site functionality, as well as for analytics, personalization, and targeted advertising. Privacy Policy
Accept
Deny Non-Essential",Schoevers College,posted,2026-07-07T03:10:23.770998,54
b8699340deaaaf57,https://nl.linkedin.com/jobs/view/timmerman-at-willems-bouwbedrijf-bv-4295331508,Timmerman,Willems Bouwbedrijf BV,posted,2026-07-07T03:10:33.946109,56
a938728ef7062ae0,https://nl.linkedin.com/jobs/view/opticien-delfzijl-at-eye-wish-opticiens-4435555900,Opticien Delfzijl,,scraped,2026-07-07T03:10:36.646594,
71e2902acaae499f,https://nl.linkedin.com/jobs/view/facilities-planner-at-super-micro-computer-spain-s-l-4433989885,Facilities Planner,"Super Micro Computer Spain, S.L.",posted,2026-07-07T03:12:02.272498,58
53943625319337fc,https://nl.linkedin.com/jobs/view/product-manager-email-office-at-team-blue-4437401860,Product Manager Email & Office,,scraped,2026-07-07T03:12:04.933610,
97ffea0f02306477,https://nl.linkedin.com/jobs/view/%E5%86%85%E5%8B%A41%E5%90%8D%E7%94%B5%E8%84%91%E6%93%8D%E4%BD%9C%E7%AE%80%E5%8D%95%E5%87%BA%E5%8D%95-at-china-continent-property-casualty-insurance-company-ltd-4435743236,内勤1名电脑操作简单出单,,scraped,2026-07-07T03:12:12.985260,
176d6f98f70dc557,https://nl.linkedin.com/jobs/view/consultant-payroll-at-mcdonald-s-nederland-4437192431,"Consultant, Payroll",McDonald's Nederland,posted,2026-07-07T03:12:37.645197,60
059487f7e27c9117,https://nl.linkedin.com/jobs/view/keukenmonteur-at-de-mandemakers-groep-4435203968,Keukenmonteur,,scraped,2026-07-07T03:12:40.446208,
00e44df303d2a62f,https://nl.linkedin.com/jobs/view/operator-blending-at-croda-4422796172,Operator Blending,,scraped,2026-07-07T03:12:48.100809,
93c376b53849d444,https://nl.linkedin.com/jobs/view/werkvoorbereider-at-royal-a-ware-4412795855,Werkvoorbereider,,scraped,2026-07-07T03:12:56.246735,
84cb379f5a202513,https://nl.linkedin.com/jobs/view/awes-recruitment-2023-apply-online-army-school-tgt-pgt-prt-exam-2023-at-scraby-academy-4436911767,AWES Recruitment 2023 Apply Online Army School TGT PGT PRT Exam 2023,,scraped,2026-07-07T03:13:04.475882,
bb419d2b9d717202,https://nl.linkedin.com/jobs/view/assistent-operator-filling-station-at-tkf-4426944213,Assistent Operator (Filling station),,scraped,2026-07-07T03:13:11.374142,
e85c21b3e961449f,https://nl.linkedin.com/jobs/view/beveiliger-datacenter-at-securitas-nederland-4426535221,Beveiliger datacenter,,scraped,2026-07-07T03:13:20.208027,
ae86db5677ea2c40,https://nl.linkedin.com/jobs/view/junior-recruiter-at-reef-4437165760,Junior Recruiter,,scraped,2026-07-07T03:13:28.226570,
50886e7c4a4f3f22,https://nl.linkedin.com/jobs/view/conci%C3%ABrge-at-koninklijke-auris-groep-4436474713,Conciërge,,scraped,2026-07-07T03:13:35.298774,
e5293d2a42ba8117,https://nl.linkedin.com/jobs/view/facilities-technician-at-super-micro-computer-spain-s-l-4433986881,Facilities Technician,"Super Micro Computer Spain, S.L.",posted,2026-07-07T03:13:54.117559,62
d0e0eaa650dd241d,https://nl.linkedin.com/jobs/view/handhaver-openbare-ruimte-at-gemeente-amersfoort-4398104878,Handhaver openbare ruimte,,scraped,2026-07-07T03:13:56.901123,
04d6e4656a83d30d,https://nl.linkedin.com/jobs/view/visual-merchandiser-at-the-sting-4385265455,Visual Merchandiser,,scraped,2026-07-07T03:14:05.165820,
7f480cb832b3c49e,https://nl.linkedin.com/jobs/view/storemanager-jack-jones-groningen-at-jack-jones-4436738318,Storemanager JACK&JONES Groningen,,scraped,2026-07-07T03:14:12.276838,
bacfd24f2fa7472f,https://nl.linkedin.com/jobs/view/wijkbeheerder-at-woonwaard-noordkennemerland-4423366448,Wijkbeheerder,,scraped,2026-07-07T03:14:19.926981,
cc163072a199dfb4,https://nl.linkedin.com/jobs/view/python-%2B-aws-at-jobgether-4436097399,Python + AWS,,scraped,2026-07-07T03:14:27.057378,
6a0c22a7fe5a9d29,https://nl.linkedin.com/jobs/view/accountant-at-stitch-jobs-4436218534,Accountant,Stitch Jobs,posted,2026-07-07T03:14:43.957380,64
f9d6770985dab61f,https://nl.linkedin.com/jobs/view/ai-associate-at-main-capital-partners-4437155197,AI Associate,,scraped,2026-07-07T03:14:46.718795,
5f9a72acae22b4fe,https://nl.linkedin.com/jobs/view/quality-engineer-aseptic-filling-at-prothya-biosolutions-4436344103,Quality Engineer (aseptic filling),,scraped,2026-07-07T03:14:55.953007,
0e65c4ce048e65f2,https://nl.linkedin.com/jobs/view/it-platform-engineer-%E2%80%93-enterprise-data-lake-at-wypoon-technologies-4436708546,IT Platform Engineer – Enterprise Data Lake,,scraped,2026-07-07T03:15:03.908280,
48186a8ef5133f75,https://nl.linkedin.com/jobs/view/trade-marketing-events-intern-6-months-f-m-x-at-breitling-4437147807,Trade Marketing & Events Intern - 6 months (f/m/x),,scraped,2026-07-07T03:15:12.262971,
9d8d3f47f5d6de37,https://nl.linkedin.com/jobs/view/vacature-pedagogisch-professional-kinderopvang-bso-at-docentenmarktplaats-nl-4435404673,Vacature Pedagogisch Professional Kinderopvang (BSO),,scraped,2026-07-07T03:15:18.936524,
4e330ee2b1b3b054,https://nl.linkedin.com/jobs/view/leerkracht-hb%2B-at-docentenmarktplaats-nl-4436067471,Leerkracht HB+,,scraped,2026-07-07T03:15:28.542707,
ca5d412cfb62954b,https://nl.linkedin.com/jobs/view/senior-data-science-consultant-at-sia-4436349284,Senior Data Science Consultant,,scraped,2026-07-07T03:15:38.125510,
89395e68e37be93a,https://nl.linkedin.com/jobs/view/sr-operations-logistics-manager-at-uber-4437490100,Sr Operations & Logistics Manager,,scraped,2026-07-07T03:15:46.572396,
2835816b93e8a3f5,https://nl.linkedin.com/jobs/view/monteur-verkeersmaatregelen-at-booston-io-4435079161,Monteur verkeersmaatregelen,,scraped,2026-07-07T03:15:53.986829,
b8eeeef50e2eadd4,https://nl.linkedin.com/jobs/view/versspecialist-at-jumbo-supermarkten-4406519915,Versspecialist,,scraped,2026-07-07T03:16:03.199320,
b454e6197202d616,https://nl.linkedin.com/jobs/view/medewerker-kam-leeuwarden-nl-at-booston-io-4435063736,"Medewerker KAM (Leeuwarden, NL)",,scraped,2026-07-07T03:16:11.239602,
c7102190774cba05,https://nl.linkedin.com/jobs/view/orderpicker-at-booston-io-4435079257,Orderpicker,,scraped,2026-07-07T03:16:19.240103,
b53a478ef26a5fac,https://nl.linkedin.com/jobs/view/houtrot-timmerman-at-booston-io-4435064676,Houtrot timmerman,,scraped,2026-07-07T03:16:27.285386,
8d9ea1b77be8d4f2,https://nl.linkedin.com/jobs/view/trafficer-at-booston-io-4435060985,Trafficer,,scraped,2026-07-07T03:16:35.139888,
093d1d46809a7780,https://nl.linkedin.com/jobs/view/belader-vuilnisophaaldienst-at-booston-io-4435445258,Belader vuilnisophaaldienst,,scraped,2026-07-07T03:16:43.207084,
8249f4096fab2fa4,https://nl.linkedin.com/jobs/view/schoonmaker-scholen-at-booston-io-4435755605,Schoonmaker scholen,,scraped,2026-07-07T03:16:51.284719,
9b0f02dd431cf7f4,https://nl.linkedin.com/jobs/view/schoonmaker-scholen-at-booston-io-4435764205,Schoonmaker scholen,,scraped,2026-07-07T03:16:59.402944,
d976cb4f1bd329d5,https://nl.linkedin.com/jobs/view/kct-herintreder-jobbird-com-at-jobster-4435074590,KCT herintreder - Jobbird.com,,scraped,2026-07-07T03:17:07.443059,
e4650f1e7ba0fd2d,https://nl.linkedin.com/jobs/view/sociaal-werker-%E2%80%93-co%C3%B6rdinator-talenthouse-at-solidez-welzijn-4436324918,Sociaal Werker – Coördinator Talenthouse,,scraped,2026-07-07T03:17:15.324023,
c86c296e3913b7a9,https://nl.linkedin.com/jobs/view/supply-chain-planner-at-youngconsult-4436201827,Supply chain planner,,scraped,2026-07-07T03:17:24.008836,
b70ae1ae1f8961d4,https://nl.linkedin.com/jobs/view/pedagogisch-professional-bso-flexibele-beschikbaarheid-at-dichtbij-kinderopvang-4437147773,Pedagogisch professional BSO | flexibele beschikbaarheid,,scraped,2026-07-07T03:17:30.628749,
f64bb8f29bb552f4,https://nl.linkedin.com/jobs/view/trade-marketing-manager-germany-austria-at-stanley-1913-4436702604,"Trade Marketing Manager, Germany & Austria",Stanley 1913,posted,2026-07-07T03:18:10.868714,66
bce45bb20cf769c0,https://nl.linkedin.com/jobs/view/mechanical-engineer-design-at-huisman-4436318963,Mechanical Engineer Design,,scraped,2026-07-07T03:18:13.769947,
d6cbc6ae4dd2a096,https://nl.linkedin.com/jobs/view/senior-pmo-manager-for-nato-with-security-clearance-at-work-life-group-nl-4435702964,Senior PMO Manager for NATO with security clearance,Work Life Group NL,posted,2026-07-07T03:18:33.367365,68
414d0cb6bb9f14e2,https://nl.linkedin.com/jobs/view/docent-engels-at-stichting-carmelcollege-4435499932,Docent Engels,,scraped,2026-07-07T03:18:35.958264,
5dc815bcfbc4b5c0,https://nl.linkedin.com/jobs/view/performance-marketing-director-at-albelli-4436700715,Performance Marketing Director,,scraped,2026-07-07T03:18:44.071074,
23a68337c05de8dc,https://nl.linkedin.com/jobs/view/health-safety-environment-officer-at-g2-recruitment-4436707481,Health Safety Environment Officer,,scraped,2026-07-07T03:18:52.624167,
74cd93ecb720213f,https://nl.linkedin.com/jobs/view/%E7%A0%94%E7%A9%B6%E9%99%A2%E6%8A%80%E6%9C%AF%E6%80%BB%E7%9B%91-at-tianhe-oil-group-4435765380,研究院技术总监,Tianhe Oil Group,failed|wp_post_failed,2026-07-07T03:19:04.249799,
fd3d2b51462ce115,https://nl.linkedin.com/jobs/view/administratief-medewerker-24-uur-de-regenboog-at-docentenmarktplaats-nl-4435419189,"Administratief medewerker , 24 uur (De Regenboog)",,scraped,2026-07-07T03:19:06.956522,
9649128bc2792d06,https://nl.linkedin.com/jobs/view/flex-verpleegkundige-at-maasstad-ziekenhuis-4436705517,Flex Verpleegkundige,,scraped,2026-07-07T03:19:16.862645,
70addbe0df20efed,https://nl.linkedin.com/jobs/view/front-office-employee-at-hotelprofessionals-4436269508,Front Office Employee,,scraped,2026-07-07T03:19:24.651999,
c206ef702a3fed1a,https://nl.linkedin.com/jobs/view/personal-semi-private-trainer-one-human-performance-institute-at-one-human-performance-institute-4436476840,Personal / Semi-Private trainer | ONE Human Performance Institute,,scraped,2026-07-07T03:19:33.388265,
2cf01f10b934c091,https://nl.linkedin.com/jobs/view/senior-verkoopadviseur-at-wittenberg-amersfoort-4436736209,(Senior) Verkoopadviseur,,scraped,2026-07-07T03:19:41.635581,
e09786d170237081,https://nl.linkedin.com/jobs/view/equipment-maintenance-technician-electrician-tilburg-at-tesla-4436284227,"Equipment Maintenance Technician (Electrician), Tilburg",Tesla,posted,2026-07-07T03:20:10.099584,70
b5b63e4935ab8f46,https://nl.linkedin.com/jobs/view/vacature-pedagogisch-medewerker-buitenschoolse-opvang-bso-at-docentenmarktplaats-nl-4435409509,Vacature Pedagogisch Medewerker Buitenschoolse Opvang (BSO),,scraped,2026-07-07T03:20:12.876743,
a97b9905bb55eec9,https://nl.linkedin.com/jobs/view/bso-medewerker-4-tot-12-jaar-at-docentenmarktplaats-nl-4435750412,BSO medewerker 4 tot 12 jaar,,scraped,2026-07-07T03:20:22.509318,
064085caa8c817a2,https://nl.linkedin.com/jobs/view/huismeester-facilitair-medewerker-den-haag-rotterdam-at-young-facility-4436340862,Huismeester/Facilitair medewerker (Den Haag/Rotterdam),,scraped,2026-07-07T03:20:32.716457,
f4ec5b56796ad45e,https://nl.linkedin.com/jobs/view/assistent-accountant-at-banvo-4436239170,Assistent Accountant,,scraped,2026-07-07T03:20:40.500015,
cb22bbeebf8a2e40,https://nl.linkedin.com/jobs/view/e-commerce-direct-to-consumer-d2c-manager-at-dimplex-consumer-products-4436954278,E-COMMERCE Direct-to-Consumer (D2C) Manager,,scraped,2026-07-07T03:20:47.316616,
1a7f63d8808c2926,https://nl.linkedin.com/jobs/view/verkoopadviseur-utrecht-amsterdam-at-zeekr%E6%9E%81%E6%B0%AA-4435431720,Verkoopadviseur - Utrecht/Amsterdam,,scraped,2026-07-07T03:20:55.099834,
6492b25cb84238c4,https://nl.linkedin.com/jobs/view/leerkrachten-at-spon-specialisten-in-passend-onderwijs-4436373957,Leerkrachten,,scraped,2026-07-07T03:21:04.700453,
f2101478f33b8f5b,https://nl.linkedin.com/jobs/view/lease-up-marketing-manager-real-estate-at-jobgether-4436085315,Lease-Up Marketing Manager (Real Estate),,scraped,2026-07-07T03:21:13.268572,
c35b695be9a641db,https://nl.linkedin.com/jobs/view/junior-finance-consultant-at-systemic-justice-4436487256,Junior Finance Consultant,,scraped,2026-07-07T03:21:19.913526,
0ae697e3e05a24cb,https://nl.linkedin.com/jobs/view/servicemanager-at-politie-nederland-4436387523,servicemanager,Politie Nederland,posted,2026-07-07T03:22:21.348162,72
0497ec8627ef3a99,https://nl.linkedin.com/jobs/view/%E7%BB%B4%E4%BF%AE%E4%B8%BB%E7%AE%A1-%E5%9B%9B%E5%B7%9D%E4%B8%8A%E7%8F%AD-j12782-at-%E6%9B%B2%E9%9D%96%E5%B8%82%E5%BE%B7%E6%96%B9%E7%BA%B3%E7%B1%B3%E7%A7%91%E6%8A%80%E6%9C%89%E9%99%90%E5%85%AC%E5%8F%B8-4435735015,维修主管-四川上班(J12782),曲靖市德方纳米科技有限公司,posted,2026-07-07T03:22:39.346223,74
4e232ffbc41faa5a,https://nl.linkedin.com/jobs/view/head-of-development-at-urban-gym-group-4436712553,Head of Development,,scraped,2026-07-07T03:22:42.050859,
539901099a093c01,https://nl.linkedin.com/jobs/view/c%2B%2B-developer-remote-at-yo-it-consulting-4435400373,C++ Developer - Remote,,scraped,2026-07-07T03:22:48.880303,
fc31e82b0e0b3dd7,https://nl.linkedin.com/jobs/view/pedagogisch-professional-bso%2Btso-%E2%80%93-dak-ametist-at-docentenmarktplaats-nl-4436073283,Pedagogisch professional BSO+TSO – Dak Ametist,,scraped,2026-07-07T03:22:55.291711,
a0fd232d7fc7eeae,https://nl.linkedin.com/jobs/view/junior-supply-chain-planner-at-goedhart-bakery-kitchen-group-4432323973,Junior supply chain planner,,scraped,2026-07-07T03:23:06.717119,
1d2467dee1da475d,https://nl.linkedin.com/jobs/view/recruiter-at-team-legend-4432340098,Recruiter,,scraped,2026-07-07T03:23:16.237900,
c49e19f26d7c8e41,https://nl.linkedin.com/jobs/view/lunch-kok-10-00-18-00-at-escape-club-amsterdam-4435522452,Lunch Kok (10.00 - 18.00),,scraped,2026-07-07T03:23:24.325161,
7870f662ac490727,https://nl.linkedin.com/jobs/view/host-hostess-at-the-social-hub-b-corp%E2%84%A2-4427581572,Host/Hostess,,scraped,2026-07-07T03:23:32.425543,
d57ca34640eec696,https://nl.linkedin.com/jobs/view/pricing-tender-specialist-at-dsv-global-transport-and-logistics-4416138479,Pricing & Tender Specialist,,scraped,2026-07-07T03:23:39.285757,
84719d54896ccaf3,https://nl.linkedin.com/jobs/view/process-operator-douwe-egberts-at-jde-peet-s-4427731734,Process Operator Douwe Egberts,,scraped,2026-07-07T03:23:45.553071,
e50d871042dc161c,https://nl.linkedin.com/jobs/view/%E4%BA%A4%E5%8F%8B%E8%81%8A%E5%A4%A9%E4%B8%BB%E6%92%AD-at-%E6%B7%B1%E5%9C%B3%E5%B8%82%E6%98%9F%E7%81%AB%E6%96%87%E5%8C%96%E4%BC%A0%E5%AA%92%E6%9C%89%E9%99%90%E5%85%AC%E5%8F%B8-4435757651,交友聊天主播,深圳市星火文化传媒有限公司,failed|wp_post_failed,2026-07-07T03:24:58.488953,
d1470516506d9598,https://nl.linkedin.com/jobs/view/toezichthouder%0A-%0A-zoetermeer-at-optisport-breda-4432360056,"Toezichthouder
                                                                                -
                                                                                Zoetermeer",Optisport Breda,posted,2026-07-07T03:25:09.897156,76
8914c2156fea5cc3,https://nl.linkedin.com/jobs/view/apsardzes-darbinieks-ce-biroja-%C4%93k%C4%81-p%C4%81rdaugav%C4%81-at-grifs-ag-dro%C5%A1%C4%ABbas-komp%C4%81nija-4432318798,Apsardzes darbinieks/-ce biroja ēkā Pārdaugavā,,scraped,2026-07-07T03:25:12.492316,
781ed5f85dd6bf57,https://nl.linkedin.com/jobs/view/salarisadministrateur-at-brown-mccrow-4437155517,Salarisadministrateur,,scraped,2026-07-07T03:25:19.656728,
84e0014105d22ac0,https://nl.linkedin.com/jobs/view/associate-business-support-administrator-ec-at-liberty-of-puerto-rico-4434649193,"Associate Business Support Administrator, EC",Liberty of Puerto Rico,posted,2026-07-07T03:25:34.633861,78
72ebf208293ac737,https://nl.linkedin.com/jobs/view/audicien-at-hans-anders-4426087372,Audicien,Hans Anders,posted,2026-07-07T03:25:40.914520,42
1203afac0b0f0634,https://nl.linkedin.com/jobs/view/aspirant-ondernemer-at-plus-retail-4312716675,Aspirant Ondernemer,,scraped,2026-07-07T03:25:43.583492,
c283a28843d919c2,https://nl.linkedin.com/jobs/view/%E9%BB%91%E9%BE%99%E6%B1%9F%E5%A4%A7%E5%85%B4%E5%AE%89%E5%B2%AD%E5%8C%BA%E5%9F%9F%E4%BB%A3%E8%A1%A8-at-%E6%B7%B1%E5%9C%B3%E5%B8%82%E7%9B%88%E9%A6%99%E9%98%81%E7%A7%91%E6%8A%80%E6%9C%89%E9%99%90%E5%85%AC%E5%8F%B8-4435775458,黑龙江大兴安岭区域代表,深圳市盈香阁科技有限公司,failed|wp_post_failed,2026-07-07T03:25:52.197494,
efb8c7a19443ca64,https://nl.linkedin.com/jobs/view/medewerker-shared-service-centeralmere-at-vacat-bv-4433759060,Medewerker Shared Service CenterAlmere,,scraped,2026-07-07T03:25:54.875907,
51046ac4043f0bb8,https://nl.linkedin.com/jobs/view/beveiliger-rbo-at-g4s-4328166528,BEVEILIGER RBO,,scraped,2026-07-07T03:26:01.345822,
66b73a0843343b64,https://nl.linkedin.com/jobs/view/cleanroom-operator-2-shifts-at-wilvo-4437163646,Cleanroom Operator 2 shifts,,scraped,2026-07-07T03:26:10.924431,
a9f526187e610b61,https://nl.linkedin.com/jobs/view/thuishulp-haarlem-at-viva%21-zorggroep-4429848821,Thuishulp Haarlem,,scraped,2026-07-07T03:26:19.285957,
f5c241571a16324c,https://nl.linkedin.com/jobs/view/sales-associate-at-crocs-inc-4432706377,Sales Associate,"Crocs, Inc.",posted,2026-07-07T03:26:44.518015,80
d158bbde5a41b69b,https://nl.linkedin.com/jobs/view/independent-partner-m-a-real-estate-finance-wealth-management-at-hetmos-4436735093,Independent Partner M&A / Real Estate / Finance / Wealth Management,,scraped,2026-07-07T03:26:47.263750,
60073f160131ada3,https://nl.linkedin.com/jobs/view/pedagogisch-professional-voor-27-uur-per-week-at-flow-kinderopvang-4436722675,Pedagogisch Professional voor 27 uur per week,,scraped,2026-07-07T03:27:58.888482,
6b250d130cf57a31,https://nl.linkedin.com/jobs/view/retail-zone-manager-netherlands-at-lovisa-pty-ltd-4435231009,Retail Zone Manager - Netherlands,,scraped,2026-07-07T03:28:09.541211,
be08686b46bf43b7,https://nl.linkedin.com/jobs/view/head-bartender-lotti-s-at-the-hoxton-4436771091,Head Bartender - Lotti's,,scraped,2026-07-07T03:28:16.789326,
1bcadeb4495d8bd2,https://nl.linkedin.com/jobs/view/duty-manager-w-hotel-amsterdam-at-corendon-hotels-resorts-4437402613,Duty Manager - W hotel Amsterdam,,scraped,2026-07-07T03:28:23.358540,
d12126f522efec2a,https://nl.linkedin.com/jobs/view/gastvrouw-gastheer-at-stichting-tantelouise-4436215185,Gastvrouw / Gastheer,,scraped,2026-07-07T03:28:30.602464,
0510b6ccb4a5f1a1,https://nl.linkedin.com/jobs/view/front-office-host-ess-0-hours-at-park-plaza-4436960311,Front Office Host(ess) - 0 Hours,Park Plaza,posted,2026-07-07T03:28:50.618113,82
021c25f5fb9e6562,https://nl.linkedin.com/jobs/view/pedagogisch-professional-kinderopvang-kdv-at-docentenmarktplaats-nl-4435417224,Pedagogisch Professional Kinderopvang (KDV),,scraped,2026-07-07T03:28:53.227182,
879f069f611d95e8,https://nl.linkedin.com/jobs/view/manager-d2c-commercial-performance-at-jobgether-4436081880,Manager D2C Commercial Performance,,scraped,2026-07-07T03:29:05.332076,
e63d9203f975f2d7,https://nl.linkedin.com/jobs/view/machine-learning-engineer-at-sia-4436346397,Machine learning Engineer,,scraped,2026-07-07T03:29:11.998553,
c345d0048d868ab2,https://nl.linkedin.com/jobs/view/senior-hr-adviseur-at-top-the-onion-group-4436713160,Senior HR-adviseur,,scraped,2026-07-07T03:29:19.867072,
d646d9fd07f9ed5a,https://nl.linkedin.com/jobs/view/barkeeper-at-axivate-horeca-group-4436715926,Barkeeper,,scraped,2026-07-07T03:29:27.501633,
7c14d9aa562e4a7c,https://nl.linkedin.com/jobs/view/pedagogisch-professional-ikc-de-wereld-op-centrum-32-uur-oud-beijerland-at-de-hoeksche-school-kinderopvang-4436965860,"Pedagogisch Professional IKC de Wereld op Centrum (32 uur), Oud-Beijerland",,scraped,2026-07-07T03:29:34.566803,
571fd5ce82d08265,https://nl.linkedin.com/jobs/view/helpende-at-igen-zorg-4435449119,Helpende,,scraped,2026-07-07T03:29:42.361044,
774f4fd0d3d98cd6,https://nl.linkedin.com/jobs/view/pedagogisch-professional-kinderdagverblijf-pimmetje-at-docentenmarktplaats-nl-4435738820,Pedagogisch professional Kinderdagverblijf Pimmetje,,scraped,2026-07-07T03:29:49.485215,
50c2bf6e40bdf87c,https://nl.linkedin.com/jobs/view/pedagogisch-medewerker-sport-bso-dak-beijerstraat-%E2%80%93-dak-beijersstraat-at-docentenmarktplaats-nl-4436073285,Pedagogisch medewerker Sport BSO Dak Beijerstraat – Dak Beijersstraat,,scraped,2026-07-07T03:29:59.097795,
98e16cfda60a333e,https://nl.linkedin.com/jobs/view/trading-support-operator-at-jobgether-4436055004,Trading Support Operator,,scraped,2026-07-07T03:30:09.236894,
5e3dfcce3d06f365,https://nl.linkedin.com/jobs/view/junior-software-engineer-at-just-eat-takeaway-com-4436281204,Junior Software Engineer,,scraped,2026-07-07T03:30:15.758536,
fe885da09d61903e,https://nl.linkedin.com/jobs/view/counselor-0-7-fte-tijdelijk-i-v-m-zwangerschapsverlof-at-libr%C3%A9on-4436356897,"Counselor 0,7 FTE tijdelijk i.v.m. zwangerschapsverlof",,scraped,2026-07-07T03:30:24.066760,
f7ec94aac41372a5,https://nl.linkedin.com/jobs/view/aims-administrator-at-aramco-4436704377,AIMS Administrator,aramco,posted,2026-07-07T03:31:17.581649,84
f236c3894eb810f3,https://nl.linkedin.com/jobs/view/facilities-coordinator-at-frencken-4435564397,Facilities Coordinator,,scraped,2026-07-07T03:31:20.376852,
3132fbff9a9e930c,https://nl.linkedin.com/jobs/view/customs-declarant-at-dp-world-4427194943,Customs Declarant,,scraped,2026-07-07T03:31:29.989377,
a6027f7187dde5ed,https://nl.linkedin.com/jobs/view/grants-and-tax-incentives-specialist-at-air-products-4428102024,Grants and Tax Incentives Specialist,Air Products,posted,2026-07-07T03:31:49.785980,86
4a64d32e6f9267f2,https://nl.linkedin.com/jobs/view/arrestantenbeveiliger-team-arrestantentaken-at-politie-nederland-4437706069,arrestantenbeveiliger - Team Arrestantentaken,Politie Nederland,posted,2026-07-07T03:32:26.677186,88
e1bbbd89b69ca42a,https://nl.linkedin.com/jobs/view/shop-owner-at-kvik-a-s-4417060968,Shop Owner,Kvik A/S,posted,2026-07-07T03:32:41.052279,90
39e76b7e7e1d95d5,https://nl.linkedin.com/jobs/view/bijbaan-zwembad-at-landal-4436389034,Bijbaan Zwembad,,scraped,2026-07-07T03:32:43.871477,
c32907503e365da3,https://nl.linkedin.com/jobs/view/appraisals-jewellery-antiques-at-arcavindi-4406968853,Appraisals (Jewellery & Antiques),arcavindi,posted,2026-07-07T03:32:59.815204,92
a897ed0b30278aae,https://nl.linkedin.com/jobs/view/%E6%8B%9B%E5%8B%9F%E3%80%90%E8%AF%AD%E9%9F%B3%E4%B8%BB%E6%92%AD%E5%B1%85%E5%AE%B6%E4%B8%8D%E9%9C%B2%E8%84%B8%E3%80%91%E3%80%90%E8%A7%86%E9%A2%91%E4%B8%BB%E6%92%AD%E3%80%91-at-%E5%B1%B1%E8%A5%BF%E9%A3%9E%E9%91%AB%E7%A7%91%E6%8A%80%E6%9C%89%E9%99%90%E5%85%AC%E5%8F%B8-4435717859,招募【语音主播居家不露脸】【视频主播】,山西飞鑫科技有限公司,failed|wp_post_failed,2026-07-07T03:33:04.284441,
c8c3bf596722d9a9,https://nl.linkedin.com/jobs/view/ppe-inspection-competent-person-at-oeg-4423381930,PPE Inspection Competent Person,,scraped,2026-07-07T03:33:06.995647,
1249e32744c2b659,https://nl.linkedin.com/jobs/view/operator-production-jarinu-at-sibelco-group-4436229368,Operator Production Jarinu,,scraped,2026-07-07T03:33:13.695030,
19328141bda6a598,https://nl.linkedin.com/jobs/view/intercedent-brabant-studentjob-nl-at-jobster-4435083862,Intercedent Brabant - Studentjob.nl,,scraped,2026-07-07T03:34:24.827616,
8b94c41d6a111782,https://nl.linkedin.com/jobs/view/schoonmaker-vrachtwagens-at-booston-io-4435434787,Schoonmaker Vrachtwagens,,scraped,2026-07-07T03:34:32.878620,
dcd3de247e718843,https://nl.linkedin.com/jobs/view/spuiter-aalten-jobbird-com-at-jobster-4435089748,Spuiter Aalten - Jobbird.com,,scraped,2026-07-07T03:34:41.017804,
75091ca5b51f99db,https://nl.linkedin.com/jobs/view/production-worker-jobbird-com-at-jobster-4435087758,Production worker - Jobbird.com,,scraped,2026-07-07T03:34:48.457318,
c1b87d6f231e620e,https://nl.linkedin.com/jobs/view/schoonmaker-vrachtwagens-at-booston-io-4435442360,Schoonmaker Vrachtwagens,,scraped,2026-07-07T03:34:56.110619,
f9c583cd9b1564c5,https://nl.linkedin.com/jobs/view/maintenance-worker-uitzendbureau-nl-at-jobster-4435084395,Maintenance worker - Uitzendbureau.nl,,scraped,2026-07-07T03:35:05.115005,
0ff75b030afff3b0,https://nl.linkedin.com/jobs/view/aqualesgever%0A-%0A-neede-at-optisport-breda-4432355200,"Aqualesgever
                                                                                -
                                                                                Neede",,scraped,2026-07-07T03:35:12.415988,
a79dae2a0e354ae6,https://nl.linkedin.com/jobs/view/havenwachter-jobbird-com-at-jobster-4435085988,Havenwachter - Jobbird.com,,scraped,2026-07-07T03:35:25.891772,
ac214dc087931ba0,https://nl.linkedin.com/jobs/view/shopper-picnic-at-jobster-4436036380,Shopper - Picnic,,scraped,2026-07-07T03:35:33.665307,
232eb8079de2f731,https://nl.linkedin.com/jobs/view/stratenmaker-regio-leeuwarden-uitzendbureau-nl-at-jobster-4435084744,Stratenmaker regio Leeuwarden - Uitzendbureau.nl,,scraped,2026-07-07T03:35:41.391258,
1fccb74c9f2f56b9,https://nl.linkedin.com/jobs/view/logistics-warehouse-employee-2-shifts-at-studenten-net-4437116601,Logistics Warehouse Employee (2 Shifts),,scraped,2026-07-07T03:35:48.681773,
3cc9e6dc576823e0,https://nl.linkedin.com/jobs/view/chefs-opportunities-at-park-plaza-4435438640,Chefs Opportunities,Park Plaza,posted,2026-07-07T03:36:08.200257,94
d4fbb6b31625c9b4,https://nl.linkedin.com/jobs/view/financial-accountant-at-koopman-international-b-v-4436944446,Financial Accountant,,scraped,2026-07-07T03:36:10.962482,
97c3d7698564ce2f,https://nl.linkedin.com/jobs/view/customer-lifecycle-marketer-homedeal-at-skydreams-4437197762,Customer Lifecycle Marketer - Homedeal,,scraped,2026-07-07T03:36:18.951059,
31343aa5c31ccde2,https://nl.linkedin.com/jobs/view/python-developer-at-sytac-4436737105,Python Developer,,scraped,2026-07-07T03:36:27.319362,
12641b8e5bb33498,https://nl.linkedin.com/jobs/view/associate-performance-improvement-strategy-at-kpmg-nederland-4435233143,Associate Performance Improvement - Strategy,KPMG Nederland,posted,2026-07-07T03:36:44.776929,96
e7d2c4c74ded29ad,https://nl.linkedin.com/jobs/view/product-designer-32-40h-at-spend-cloud-4437710423,Product Designer (32-40H),Spend Cloud,posted,2026-07-07T03:36:59.049022,98
34e630d71c516e72,https://nl.linkedin.com/jobs/view/receptionist-e-lentiz-onderwijsgroep-in-vlaardingen-at-embrace-hospitality-services-4436966763,Receptionist(e) Lentiz onderwijsgroep in Vlaardingen,Embrace Hospitality Services,posted,2026-07-07T03:37:30.864245,100
a2e9326a2d691db6,https://nl.linkedin.com/jobs/view/production-planner-at-world-wide-technology-4436214565,Production Planner,World Wide Technology,posted,2026-07-07T03:37:40.924352,102
149a1c1e86549628,https://nl.linkedin.com/jobs/view/plc-engineer-at-spilberg-4436068831,PLC Engineer,,scraped,2026-07-07T03:37:43.684460,
30a96d1b4928779d,https://nl.linkedin.com/jobs/view/orderpicker-at-booston-io-4435068734,Orderpicker,,scraped,2026-07-07T03:38:55.551720,
c98e4ec87ae24931,https://nl.linkedin.com/jobs/view/calculator-bouw-jobbird-com-at-jobster-4435089504,Calculator Bouw - Jobbird.com,,scraped,2026-07-07T03:39:03.591112,
cd81a60ed4d6fcc5,https://nl.linkedin.com/jobs/view/junior-calculator-bouw-at-van-wijnen-4390989266,Junior Calculator Bouw,,scraped,2026-07-07T03:39:14.415940,
61971215407c213a,https://nl.linkedin.com/jobs/view/audicien-culemborg-at-audika-4256768605,Audicien Culemborg,,scraped,2026-07-07T03:39:21.799367,
a715ca789c4ab98e,https://nl.linkedin.com/jobs/view/operator-jobbird-com-at-jobster-4435080622,Operator - Jobbird.com,,scraped,2026-07-07T03:39:29.743191,
708e5211c766eb56,https://nl.linkedin.com/jobs/view/orderpicker-at-booston-io-4435065847,Orderpicker,,scraped,2026-07-07T03:39:37.405527,
07e73fbefd87c5ed,https://nl.linkedin.com/jobs/view/recruiter-at-olympia-4436334234,Recruiter,,scraped,2026-07-07T03:39:46.109401,
656a3c52cc70af8a,https://nl.linkedin.com/jobs/view/allround-vakman-at-van-wijnen-4383270605,Allround Vakman,,scraped,2026-07-07T03:39:53.735622,
53974ebad6ea3a13,https://nl.linkedin.com/jobs/view/servicemonteur-at-booston-io-4435071806,Servicemonteur,,scraped,2026-07-07T03:40:01.399155,
a88397c79fbc1a81,https://nl.linkedin.com/jobs/view/audicien-valkenswaard-at-audika-4385398300,Audicien Valkenswaard,,scraped,2026-07-07T03:40:09.723587,
